{"cameraMode":{"drawMode":0,"name":"Shaded","section":"Shading Mode"},"sceneLighting":false,"audioPlay":false,"sceneViewState":{"showFog":true,"showMaterialUpdate":false,"showSkybox":false,"showFlares":true,"showImageEffects":true,"showParticleSystems":true,"showVisualEffectGraphs":true,"m_FxEnabled":true},"in2DMode":false,"pivot":{"x":-0.07099999487400055,"y":0.46799999475479128,"z":2.4000000953674318},"rotation":{"x":-0.19250251352787019,"y":0.07733311504125595,"z":-0.01521972008049488,"w":-0.9781269431114197},"size":0.8660253882408142,"orthographic":false}