{"cameraMode":{"drawMode":0,"name":"Shaded","section":"Shading Mode"},"sceneLighting":true,"audioPlay":false,"sceneViewState":{"showFog":true,"showMaterialUpdate":false,"showSkybox":true,"showFlares":true,"showImageEffects":true,"showParticleSystems":true,"showVisualEffectGraphs":true,"m_FxEnabled":true},"in2DMode":false,"pivot":{"x":-5.4210286140441898,"y":11.045801162719727,"z":17.5538330078125},"rotation":{"x":0.22913271188735963,"y":0.07146946340799332,"z":-0.01687166467308998,"w":0.9706218838691711},"size":28.464584350585939,"orthographic":false}