{"cameraMode":{"drawMode":0,"name":"Shaded","section":"Shading Mode"},"sceneLighting":true,"audioPlay":false,"sceneViewState":{"showFog":true,"showMaterialUpdate":false,"showSkybox":true,"showFlares":true,"showImageEffects":true,"showParticleSystems":true,"showVisualEffectGraphs":true,"m_FxEnabled":true},"in2DMode":false,"pivot":{"x":0.19200000166893006,"y":0.16855335235595704,"z":0.3763725161552429},"rotation":{"x":-0.19250251352787019,"y":0.07733311504125595,"z":-0.01521972008049488,"w":-0.9781269431114197},"size":3.9104115962982179,"orthographic":false}