{"cameraMode":{"drawMode":0,"name":"Shaded","section":"Shading Mode"},"sceneLighting":false,"audioPlay":false,"sceneViewState":{"showFog":true,"showMaterialUpdate":false,"showSkybox":false,"showFlares":true,"showImageEffects":true,"showParticleSystems":true,"showVisualEffectGraphs":true,"m_FxEnabled":true},"in2DMode":false,"pivot":{"x":-16.234333038330079,"y":1.4585692882537842,"z":0.01141214370727539},"rotation":{"x":0.22913262248039246,"y":0.0714695081114769,"z":-0.016871660947799684,"w":0.9706212878227234},"size":2.643641471862793,"orthographic":false}